[
  {
    "score": 5035,
    "name": "dilan"
  },
  {
    "score": -1,
    "name": "Pritam"
  },
  {
    "score": -1,
    "name": "Enter your Name￿"
  },
  {
    "score": -1,
    "name": "Enter your Name"
  },
  {
    "score": -1,
    "name": "Enter your Name￿￿￿￿"
  },
  {
    "score": -1,
    "name": "NAme"
  },
  {
    "score": -1,
    "name": "Enter your Name"
  },
  {
    "score": -1,
    "name": "MyName"
  },
  {
    "score": -1,
    "name": "Enter your Name"
  },
  {
    "score": -1,
    "name": "Hello"
  },
  {
    "score": -1,
    "name": "Pritam"
  }
]